<?xml version="1.0" encoding="ISO-8859-1" ?>
<package version="1.0">
   <name>WinBinder</name>
   <summary>A Native Windows binding for PHP</summary>
   <description>WinBinder is a new extension that allows PHP programmers to build native Windows applications. It wraps the Windows API in a lightweight, easy-to-use library so that program creation is quick and straightforward.</description>
   <maintainers>
      <maintainer>
         <user>rubs</user>
         <name>Rubem Pechansky</name>
         <email>pechansky@hypervisual.com</email>
         <role>lead</role>
      </maintainer>
   </maintainers>
   <release>
      <version>%version%</version>
      <date>%date%</date>
      <license>BSD</license>
      <state>%state%</state>
      <notes>
%notes%
      </notes>
      <filelist>
%filelist%
      </filelist>
   </release>
</package>
